Country,State,City/ District,Destination,Type,Tags,Description,Image Link 1,Image Link 2,Image Link 3,Image Link 4
India,Mizoram,Aizawl,Millenium Center,Shopping,"Shopping, Holiday","Millennium Centre stands as the most frequented shopping destination in Aizawl, Mizoram. Visitors can discover contemporary fashion selections and modern dining establishments.",https://mizoramtourism.com/post_images/626bc9531a5fb_3612841355_7346808d87_b.jpg,,,
India,Mizoram,Aizawl,Mizoram State Museum,Museum,"Sightseeing, Heritage","Situated in the heart of the city, this institution showcases Mizoram cultural legacy. The facility houses archaeological finds, historical photographs, and biological specimens. An entire section is devoted to Mizo tribal heritage.",https://mizoramtourism.com/post_images/626a7d813cccb_state museum.jpg,https://mizoramtourism.com/post_images/626a7d848d2da_state museum1.jpg,https://mizoramtourism.com/post_images/626a7d87731ed_state museum2.jpg,https://mizoramtourism.com/post_images/626a7d89e26fb_state museum3.jpg
India,Mizoram,Aizawl,Solomons Temple,Temple,"Religion, Sightseeing",A non-denominational church established by Dr. L.B. Sailo in 1984. Construction commenced in 1996 at Chawlhhmun in the Kidron Valley approximately 10 km from Aizawl city center. The 55m x 55m structure features four pillars with Davids stars and twelve main doors.,https://mizoramtourism.com/post_images/626a539fef5ab_Solomona Temple.jpg,,,
India,Mizoram,Aizawl,Hangi Lunglen Tlang,Adventure,"Adventure, Nature, Photography",The best breathtaking view of Aizawl is from Hangi Lunglen Tlang. The adrenaline starts to kick in and the thrill starts from here.,https://mizoramtourism.com/post_images/626a57bf10038_Hangi Lunglen Tlang.jpg,https://mizoramtourism.com/post_images/62aca4a54853e_Hangi Lunglen Tlang.jpg,https://mizoramtourism.com/post_images/62ade74c5d2d5_Hangi LL Tlang.jpg,https://mizoramtourism.com/post_images/62ade763b6b3d_Hangi LLT2.jpg
India,Mizoram,Aizawl,KV Paradise,Monument,"Holiday, Sightseeing",A modern monument in Aizawl built as a memorial to a wife who died in a car accident in 2001. Located near Durtlang Hills with views of Aizawl.,https://mizoramtourism.com/post_images/626a832a3d677_KV Paradise.jpg,https://mizoramtourism.com/post_images/626a832f8fd5d_KV PARADISE 1.jpg,,
India,Mizoram,Aizawl,Beraw Tourist Complex,Resort,"Holiday, Nature, Sightseeing",Located less than an hours drive east of Aizawl this hilltop complex offers panoramic views of the city and surrounding lush green hills. Features a cafeteria luxurious cottages meditation centre and auditorium.,https://mizoramtourism.com/post_images/626b760b5d969_CAFEATRIA BERAWTLANG TOURIST COMPLEX.jpg,,,
India,Mizoram,Aizawl,Zokhua - Typical Mizo Village,Heritage,"Heritage, Travel, Holiday",A recreated traditional Mizo village located in Falkawn approximately 18 km south of Aizawl. The site represents a historic Lusei village with the chiefs residence blacksmith workshop and a bachelors dormitory.,https://mizoramtourism.com/post_images/626b8557733d1_zokhua falkawn 1.jpg,https://mizoramtourism.com/post_images/626b8557afd8b_zokhua falkawn 2.JPG,https://mizoramtourism.com/post_images/626b8557ebaab_zokhua falkawn.JPG,
India,Mizoram,Aizawl,Hmuifang Tlang,Resort,"Nature, Vacation, Adventure",Hmuifang Tourist Resort is situated at the scenic peak of Hmuifang mountain approximately 50 km south of Aizawl at an elevation of 1619 meters. The mountain remains covered with virgin forests.,https://mizoramtourism.com/post_images/626b883a3b145_Hmuifang Tlang.jpg,https://mizoramtourism.com/post_images/626b8882406f4_Hmuifang tlang tawntirh.jpg,https://mizoramtourism.com/post_images/626b8886324b4_Hmuifang1.jpg,
India,Mizoram,Aizawl,Aizawl City View Thuampui,Viewpoint,"Sightseeing, Photography",One of the best breathtaking views of Aizawl City is from Thuampui and Falkland sides where one can see half of Aizawl City.,https://mizoramtourism.com/post_images/62b85f3ff01fb_Aizawl City View.jpg,,,
India,Mizoram,Aizawl,Bawrhsap Pisa Pui,Heritage,"Sightseeing, Heritage",Colonial structure erected in 1890 serving as the Deputy Commissioners Office for Aizawl District.,https://mizoramtourism.com/post_images/62b85dfa0f3dc_Bawrhsap Pisa Pui.jpg,,,
India,Mizoram,Aizawl,Quarter Guard Aizawl,Heritage,"Sightseeing, Heritage",A heritage site for Assam Rifles built by Lt Col GH Loch in the late 1890s. Features 18th century cannons facing the city of Aizawl.,https://mizoramtourism.com/post_images/62ade38208fd1_Quarter Guard Aizawl.jpg,,,
India,Mizoram,Aizawl,Sikul Sen Aizawl,Heritage,Heritage,Built by Zosap Missionary Pu Zosaphluia in 1898. Originally a Mission School. Recently handed over to Mizoram Synod after 68 years.,https://mizoramtourism.com/post_images/62b86847e581a_Boys ME School.jpg,,,
India,Mizoram,Aizawl,Khawhpawp,Waterfall,"Adventure, Nature",A small waterfall in Aizawl one of the natural treasures the region offers. Its scenic beauty attracts visitors seeking a weekend getaway.,https://mizoramtourism.com/post_images/62addcb8029f6_Khawhpawp, Amah Duhtea, Liker-8.jpg,,,
India,Mizoram,Aizawl,Aizawl Zoological Park,Wildlife,"Sightseeing, Wildlife",Located in Lungverh on the outskirts of Aizawl City maintained by the State Forest Department.,https://mizoramtourism.com/post_images/62b86bc36d8c2_Aizawl Zoo.jpg,,,
India,Mizoram,Aizawl,Folkland Park Aizawl,Park,"Adventure, Park",A recreational entertainment facility designed as a safe open space for friends and family.,https://mizoramtourism.com/post_images/62addd0da6b9e_Folkland Park.jpg,,,
India,Mizoram,Aizawl,Bangla Pui,Heritage,"Heritage, Religion",A historic religious structure maintained by Mizoram Synod in Mission Veng Aizawl. Built by missionaries during the 1890s now serves as the Synod Moderator residence.,https://mizoramtourism.com/post_images/626bbcc1b265a_Bangla Pui.jpg,,,
India,Mizoram,Aizawl,Lungleng Lal In,Heritage,"Heritage, Holiday",A century-old residence of Mizo Chief Khamliana Sailo at Lungleng village. Built in 1918 it was the first house in Mizoram with a tin roof. Located 30 km from Aizawl.,https://mizoramtourism.com/post_images/626bbb00ac2e8_Lungleng Lal In.jpg,https://mizoramtourism.com/post_images/62b869c2119ed_Lungleng Lalin.jpg,,
India,Mizoram,Aizawl,Hlimen Park,Park,"Sightseeing, Adventure, Nature",A nature-focused recreational destination offering canopy walks and forest experiences. Located 15 minutes from Aizawl City with birdwatching opportunities.,https://mizoramtourism.com/post_images/62ade53b5ba1a_Hlimen Park.jpg,,,
India,Mizoram,Aizawl,LAD Muthi Park,Park,"Hiking, Sightseeing",One of the best parks in Aizawl situated in Muthi village approximately 15 minutes drive from the city. Excellent for family outings.,https://mizoramtourism.com/post_images/62b86e8ecb48e_Muthi Park.jpg,,,
India,Mizoram,Aizawl,Zawlpala Thlantlang Phulpui,Viewpoint,"Nature, Adventure",A trekking destination offering early morning hikes with opportunities to witness sunrise and morning mists.,https://mizoramtourism.com/post_images/62adde53d6957_DAVE1590.jpg,,,
India,Mizoram,Aizawl,Sailam,Wildlife,"Nature, Bird watching",A bird-watching hotspot nestled in virgin forest approximately 76 km from Aizawl with diverse avian species.,https://mizoramtourism.com/post_images/62b89bf767f54_Sailam New.jpg,https://mizoramtourism.com/post_images/62b89bfecdf2e_Sailam.jpg,,
India,Mizoram,Aizawl,Ting Dil,Lake,"Nature, Lake",An artificial lake at North Tinghmun in Aizawl District. Offers boating and accommodation managed by the Ting Dil Cooperative Society.,https://mizoramtourism.com/post_images/62b886d031c75_Ting Dil.jpg,,,
India,Mizoram,Aizawl,Li Cheng,Nature,"Adventure, Nature",Rolling hills extending across hundreds of miles featuring lush green forests bamboo groves paddy fields wildlife dramatic cliffs and serene lakes.,https://mizoramtourism.com/post_images/62b888e8437e1_Li Cheng.jpg,,,
India,Mizoram,Aizawl,Sakawrhmuituai Hills,Nature,"Nature, Hiking",A spectacular mountain destination with breathtaking views from the summit. Known as a hiking destination suitable for outdoor enthusiasts.,https://mizoramtourism.com/post_images/62ade85c4fc9e_Sakawrhmuituai Tlang.jpg,,,
India,Mizoram,Aizawl,Siaksuk Tlang,Nature,"Hiking, Nature",A one-day camping experience across four Aizawl district villages. Includes nature walks through unexplored forests tree houses hanging bridges and sunset views.,https://mizoramtourism.com/post_images/62b8828e333cf_Sialsuk Tlang.jpg,https://mizoramtourism.com/post_images/62b8828e4b284_Sialsuk Tlang1.jpg,,
India,Mizoram,Aizawl,Khawhthla Sang Falls,Waterfall,"Adventure, Waterfall",A waterfall approximately 11.1 km from Aizawl city featuring natural cascading water formations.,https://mizoramtourism.com/post_images/626baa471de61_WhatsApp Image 2022-04-29 at 11.46.00 AM (1).jpeg,,,
India,Mizoram,Aizawl,Tuirivang,Waterfall,"Waterfall, Adventure",A breathtaking waterfall near Phulpui that captivates visitors with its exceptional natural display.,https://mizoramtourism.com/post_images/62b95804928e4_Tuirivang Falls.jpg,,,
India,Mizoram,Aizawl,Sibuta Lung,Heritage,"Sightseeing, Heritage",A memorial stone at Tachhip village 20 km from Aizawl. Erected by a Palian chief approximately 300 years ago.,https://mizoramtourism.com/post_images/62b958cb87139_Sibuta Lung.jpg,,,
India,Mizoram,Aizawl,Thiak Bungalow,Heritage,"Heritage, Sightseeing",An inspection bungalow constructed during the British colonial period in the then Lushai Hills now Mizoram.,https://mizoramtourism.com/post_images/62b95968baa9d_Thiak Bangla.jpg,,,
India,Mizoram,Aizawl,Nghachhawl Lungpui,Waterfall,"Hiking, Adventure, Waterfall",A scenic waterfall at Tuirial River in Muallungthu approximately 35 km from Aizawl.,https://mizoramtourism.com/post_images/62b95aca8ac5d_Nghachhawl Muallungthu.jpg,,,
India,Mizoram,Aizawl,Hualngo Lui Kurung,Waterfall,"Nature, Adventure, Waterfall",A waterfall in Hualngohmun village approximately 25 km from Aizawl at 980 meters altitude.,https://mizoramtourism.com/post_images/62b95b30bfee9_Hualngo Lui Kurung.jpg,,,
India,Mizoram,Aizawl,Vaipuanpho Ailawng,Nature,"Sightseeing, Nature, Vacation",A scenic natural destination 45 minutes from Aizawl ideal for escaping urban life. Includes visits to Reiek Tlang hilltop.,https://mizoramtourism.com/post_images/62b9608bb029f_Vaipuanpho.jpg,,,
India,Mizoram,Aizawl,H and B Water Park,Park,"Adventure, Park",An aquatic entertainment venue in Aizawl featuring water rides rejuvenating pools and a kids zone set against scenic landscapes.,https://mizoramtourism.com/post_images/688c950d8ed53_44444444444444.jpg,https://mizoramtourism.com/post_images/688c950db0b38_3333333333333333333.jpg,https://mizoramtourism.com/post_images/688c95c35c729_1111.jpg,https://mizoramtourism.com/post_images/688c95cf121a4_22222222222222.jpg
India,Mizoram,Lunglei,Tuirum Li - Nghasih Lui,Waterfall,"Nature, Adventure, Photography","Tuirum Li over Nghasih Lui is an adventure destination showcasing nature's beauty. Described as 'one of the rarest travel experiences, toughest and the dearest,' it offers intimate encounters with natural landscapes and represents a challenging journey worth experiencing.",https://mizoramtourism.com/post_images/62ade5cd5c752_Tuirum Li.jpg,,,
India,Mizoram,Lunglei,Missionary Kai Tlabung,Heritage,"Heritage, Religion","The place where first Missionaries Rev JH Lorrain (Pu Buanga) and Rev FW Savidge (Sap Upa) arrived in Mizoram. A memorial stone was created by TKP, Youth Association of Baptist Church of Mizoram.",https://mizoramtourism.com/post_images/62b883295ebb9_Missionary Kai Tlabung.jpg,,,
India,Mizoram,Lunglei,Tlabung Post Office,Heritage,"Heritage, History","Tlabung Post Office is the first Post Office in Mizoram, established 150 years ago. Located in a bustling town near the Indo-Bangladesh border, it serves as the main trade route between the two countries at the local level. Accessible from Aizawl via Lunglei within 9 hours by car. Accommodation available at Tourist Lodge, Forest IB, PWD IB, and private lodges.",https://mizoramtourism.com/post_images/62b86aa268f2e_Tlabung Post Office.jpg,,,
India,Mizoram,Lunglei,Tlabung Police Station,Heritage,"Heritage, History","Tlabung Police Station was constructed by the British and established in 1889. Located at the South-Western edge of Lunglei District close to the Indo-Bangladesh Border, the station sits atop a hill accessible by an uphill road from Tlabung town center. It is recognized as the oldest Police Station Building in Mizoram.",https://mizoramtourism.com/post_images/62b86b301d131_Tlabung Police Station.jpeg,,,
India,Mizoram,Lunglei,Tlabung Hospital,Heritage,"Heritage, History","Tlabung Hospital was established in 1872 and is considered the oldest hospital in Mizoram. Located 250.1 km from Aizawl with an altitude of 61 meters, it sits approximately 1.4 km from the nearest tourist lodge and is about 20 minutes away on foot.",https://mizoramtourism.com/post_images/62b889d828e0b_Tlabung Hospital.jpg,,,
India,Mizoram,Lunglei,Tlabung Bungalow,Heritage,"Heritage, History, Architecture","A 145-year-old heritage building established in 1871 by Tom Herbert Lewin's men, Tlabung Bungalow served as Mizoram's first Inspection Bungalow. Constructed using wood, bamboo, zinc, plate-glass, and stone, it remains a sought-after tourist lodge. Despite being handed to the Public Work Department, it continues attracting visitors who prefer this historic structure over newer cottages. The Young Mizo Association recently installed a granite marker commemorating its establishment and other heritage buildings.",https://mizoramtourism.com/post_images/62b873480a165_Tlabung Bungalow.jpg,,,
India,Mizoram,Lunglei,Lungding Rualalung,Rock Formation,"Nature, Adventure","Blessed with natural beauty and unlimited adventure, Mizoram never ceases to amaze with geological marvels such as Lungding in Rualalung, Lunglei District.",https://mizoramtourism.com/post_images/62ade4ed75133_Lungding Rualalung.jpg,,,
India,Mizoram,Lunglei,Lung Milem Mualcheng South,Heritage,"Heritage, Adventure, Mystery","Stone figures in meditational Buddhist poses located on a rocky portion of Tawikhawthlir hill near South Mualcheng village, approximately 65 km south of Lunglei. It is not known as to who created them and remains a mystery till date since no other relics of Buddhism is found elsewhere in the state.",https://mizoramtourism.com/post_images/62b86db2b3c55_Lung Milem.jpg,,,
India,Mizoram,Lunglei,Khawlung Wildlife Sanctuary,Wildlife,"Wildlife, Nature, Photography","Khawnglung is situated approximately 160 km from Aizawl. The sanctuary features steep cliff formations that have historically provided natural shelter for humans and wildlife. It hosts diverse flora and fauna including wild boar, gibbon, barking deer, sambar deer, hoolock, and leopard. Optimal visitation period spans October through March, requiring coordination with the Department of Environment and Forest, Mizoram. Adjacent villages include Pangzawl, Rawpui, Bungtlang, Sialsir, Lungchhuan, and Chawngtui.",https://mizoramtourism.com/post_images/62b88a8250946_Khawnglung WL Sanctuary.jpg,,,
India,Mizoram,Lunglei,Darkhuang Tlang Pukpui,Heritage,"Heritage, Religion, History","Darkhuang Tlang, or 'Gong Mountain,' is located in Pukpui village about 7 km from Lunglei. This site is historically significant as the place where Darphawka, a 19th-century Mizo prophet, claimed to communicate with spirits and received visions of future events, including the arrival of Christian missionaries. A prayer house has been constructed on the peak for visitors. Recently, skeletal remains were recovered and collected for forensic analysis and carbon dating.",https://mizoramtourism.com/post_images/62b88bfa025cd_Darkhuang Tlang Pukpui.jpg,,,
India,Mizoram,Lunglei,Kristian Hmasate Thlanmual,Heritage,"Heritage, Religion, History","A cemetery of early Christians situated at Theiriat village near Lunglei. Before pioneer missionaries arrived, Sehan Roy evangelised Mizo labourers, converting 40 families by 1900. These harassed converts established a Christian village in Theiriat. Their gravestones bear Bible verse quotations and inscriptions in English, representing early Christian heritage in Mizoram.",https://mizoramtourism.com/post_images/62b898055db23_Kristian hmasate Theiriat.jpg,,,
India,Mizoram,Lunglei,Phunhnawma Lung,Rock Formation,"Nature, Adventure, Photography, Legend","Phunhnawma Lung Lungpuitlang, literally 'Phunhnawma's Rock', is located in Lungpuitlang village, 106 km east of Lunglei near the Myanmar border. This large rock measures approximately 60 metres with a height of roughly 26.60 metres. Situated atop a breezy hill at 5058 ft altitude, it offers panoramic views of surrounding hill ranges including western Myanmar. According to local legend, the rock was discovered during a hunting trip by Phunhnawma, chief of Cheural village. Upon arrival, fairy guardians instructed him to return home, bring a cock as an offering, and in exchange they would bless him with abundant wild animals to hunt. He complied, and the fairies fulfilled their promise, establishing his reputation as a great hunter.",https://mizoramtourism.com/post_images/62b8966a0ea60_Phunhnawma Lung.jpg,,,
India,Mizoram,Lunglei,Sairep Tlang,Mountain,"Nature, Adventure, Photography",A sprawling mountain near Lunglei with rich diversity in nature and culture that attracts many tourists. One of the most fascinating sites in the District.,https://mizoramtourism.com/post_images/62b895e0a2d67_Sairep Tlang.jpg,,,
India,Mizoram,Lunglei,Kau Tlabung - Thenhlum,Waterfall,"Nature, Adventure","Kau Tlabung Falls is a tourist attraction located in Thenhlum, Serchhip District, Mizoram. The page provides basic information about the location with an altitude of 100 meters, situated approximately 165.4 km from Aizawl and 109.4 km from the nearest tourist lodge. The site requires approximately 1560 minutes of walking distance to access.",https://mizoramtourism.com/post_images/62b89a4fa74c7_Kau Tlabung Thenhlum.jpg,,,
India,Mizoram,Siaha,Pioneer Missionary Bungalow,Heritage,"Heritage, History, Religion","A century-old villa constructed in 1914 by Christian Missionaries, located in Serkawr between Tuipang and Kaladan, 288 km from Aizawl. The site represents a pioneering Baptist missionary settlement where J Herbert Lorraine and F.W Savidge first arrived in 1907 to preach the gospel. The property features preserved century-old furniture, furnishings, and decorative items. The current resident, Mrs. Violet Lorrain Foxall (granddaughter of J Herbert Lorrain), lives here with her family and welcomes visitors.",https://mizoramtourism.com/post_images/626be2cf9bb37_Serkawr.jpg,,,
India,Mizoram,Siaha,Pala Tipo - Palak Lake,Lake,"Nature, Wildlife, Photography, Adventure","Palak Dil or Palak Lake is the largest natural lake in Mizoram situated near Phura in the southern part of the state. Oval in shape, it covers about 1 sq.km and is surrounded by lush virgin forests rich in flora and fauna. The lake features a rich legend about its origin involving a village, a serpent, and magical flooding. Nature enthusiasts are drawn to the area for its wildlife variety, including wetland birds, hill birds, migrating Pintail Ducks, and elephants in surrounding forests. A jeepable road connects Palak Lake from Phura while efforts maintain its pristine environmental state.",https://mizoramtourism.com/post_images/626bcbb798560_Palak.jpg,https://mizoramtourism.com/post_images/626bdb1307952_Palak lake.jpg,https://mizoramtourism.com/post_images/626bdb1b5a442_PALAK lake 2.jpg,https://mizoramtourism.com/post_images/626bdb1d90c63_PALAK lake 3.jpg
India,Mizoram,Siaha,Tokalo Wildlife Sanctuary,Wildlife,"Wildlife, Nature, Photography, Hiking","The Tokalo Wildlife Sanctuary is the second largest wildlife reserve in Mizoram, located in Siaha district covering approximately 250 sq. km. Declared a sanctuary in 2007 and managed by the Environment and Forest Department of the Mara Autonomous District Council, it features Moist Deciduous and Semi-evergreen Forest ecosystems. The sanctuary hosts diverse mammals, birds, amphibians, reptiles, and is particularly noted for its butterfly variety. Accessible from Phura via private vehicles and local buses, the optimal visiting period runs from October through April.",https://mizoramtourism.com/post_images/62b89c7bd7643_Tokalo WL Sanctuary.jpg,,,
India,Mizoram,Siaha,Castle Beino/Bawinu,Rock Formation,"Nature, Adventure, Photography, Wildlife","The Castle of Beino (also called Bawinu) is described as 'a lesser-explored grand canyon of Northeast India' formed by the Kolodyne/Kaladan river. The geological formation features rock structures resembling castle quarters, including sections that look like soldiers at the entrance, a kitchen, and a great hall. The crystalline river water creates reflections of the formations. Best visited February to May; motorboats and local guides available. The area supports wildlife and bird watching. Access via Saphaw village (boat journey from Lomasu), reached through Lungdar or Taidang.",https://mizoramtourism.com/post_images/626bcd981143c_Beino-Caslte-(1).jpg,,,
India,Mizoram,Siaha,Mount Mawma Ecological Park,Park,"Nature, Hiking, Adventure, Photography, Wildlife","Mount Mawma Ecological Park is located in Chakhei Village of Siaha District, standing at 6,725 feet. It is the third highest peak in Northeast India and offers a unique vantage point where three countries are visible on clear winter days: Myanmar, Mizoram, and Bangladesh. The park features brick trekking paths, multiple rest points, a suspension bridge, and a watch tower. Seasonal flowering trees including rhododendron and cherry blossoms enhance the natural beauty.",https://mizoramtourism.com/post_images/68bea48e6796f_WhatsApp Image 2024-11-09 at 23.20.41_9f10ca50.jpg,https://mizoramtourism.com/post_images/68bea48e84c87_WhatsApp Image 2024-11-09 at 23.20.41_96265db0.jpg,https://mizoramtourism.com/post_images/68bea48ed8233_WhatsApp Image 2024-09-08 at 13.25.01_36cfdc80.jpg,https://mizoramtourism.com/post_images/68beaa44e461e_WhatsApp Image 2024-11-09 at 23.20.30_b38c720b.jpg
India,Mizoram,Champhai,Thasiama Se No Neihna,Rock Formation,"Nature, Adventure, Hiking, Legend","A rocky mound with flat top and sheer sides located near Vaphai village close to the Myanmar border. Legend tells of Thasiama, a man of extraordinarily long life, whose pregnant mithun (cow) mysteriously appeared atop this rocky formation. The name translates to 'a place where Thasiama's mithun gave birth to a calf.' Local accounts mention traces of an ancient village and overgrown pathways leading toward Myanmar in the surrounding dense vegetation.",https://mizoramtourism.com/post_images/626b90fb4c7db_Thasiama Se No Neihna 3.jpg,https://mizoramtourism.com/post_images/626b90fd9270e_Thasiama Seno Neihna 1.jpg,https://mizoramtourism.com/post_images/626b90ff3a399_Thasiama Seo Neihna.jpg,
India,Mizoram,Champhai,Lianchhiari Lunglen Tlang,Viewpoint,"Nature, Photography, Legend, Adventure","A rocky ledge situated at Dungtlang village, about 56 kilometers from Champhai, commanding views of surrounding hills. Named after Lianchhiari, daughter of chief Vanhnuaithanga, who sat here watching the distant village where her lover Chawngfianga had migrated after their planned marriage was thwarted by a jealous go-between. She spent days composing sorrowful love songs while gazing toward Chhingzawl village.",https://mizoramtourism.com/post_images/626b93865d4c6_Lianchhiari lunglen Tlang 1.jpg,https://mizoramtourism.com/post_images/626b938717700_Lianchhiari lunglen Tlang.jpg,,
India,Mizoram,Champhai,Champhai,Town,"Nature, Photography, Travel","Champhai is a fascinating hill town on the eastern side of Mizoram, magical year-round with enhanced charm during winter when temperatures fall below freezing. The destination features rolling hills and beautiful valleys, making it worth visiting.",https://mizoramtourism.com/post_images/62addaa694e9f_Champhai%20Zawl.jpg,,,
India,Mizoram,Champhai,Mura Puk,Cave,"Nature, Adventure, Legend","MURA PUK (Mura Caves) located at the outskirts of Zote village near Champhai, Mizoram. According to legend, these caves served as refuge from a monstrous eagle called 'Mura'. Originally seven caves existed when Zote village was resettled in 1899; only four survive today. The mythical creature was described as ferocious with talons as large as female mithun horns. People fled to these stone-doored caves when Mura attacked settlements.",https://mizoramtourism.com/post_images/62b86774ad3a5_Mura Puk.jpg,,,
India,Mizoram,Champhai,Mangkhaia Lung,Heritage,"Heritage, Photography","Mangkhai Lung is located in Zotlang East, Champhai. A monolith site with minimal descriptive information available.",https://mizoramtourism.com/post_images/62b85fc08f24b_Mangkhaia Lung.jpg,,,
India,Mizoram,Champhai,Murlen National Park,Park,"Nature, Wildlife, Photography, Hiking","Murlen National Park, situated near the Indo-Myanmar border in Champhai District approximately 245 km from Aizawl, is recognized as one of the few remaining sanctuaries for the state bird, Vavu (Mrs Hume's Pheasant). The park encompasses 100 square kilometers of pristine forests, featuring subtropical evergreen and sub-montane forest ecosystems that harbor diverse mammals and bird species. Notable geological features include sheer rocky cliffs with honeycomb formations inhabited by swifts and swallows. The park is particularly suited for bird-watching activities, with optimal visiting conditions from October through May. Access requires coordination with the Department of Environment and Forest.",https://mizoramtourism.com/post_images/626b998f1ed0d_Crested Serpent Eagle in Murlen.jpg,,,
India,Mizoram,Champhai,Lamsial Puk,Cave,"Heritage, Adventure, History","Located near Farkawn village on a rockface, this cave contains human skulls and bones, estimated to be about three hundred years old, along with pieces of traditional shawls. While the precise identities and reasons for their placement remain unexplained, it is commonly assumed they were left by people of the erstwhile Lamsial village when Mizos settled in this area after crossing the Tiau river bordering Myanmar.",https://mizoramtourism.com/post_images/626be3e95d841_Lamsial%20Puk.jpg,,,
India,Mizoram,Champhai,Kungawrhi Puk,Cave,"Adventure, Nature, Legend","Kungawrhi Puk is one of the most significant and largest caves in Mizoram, located on hills between Farkawn and Vaphai villages in Champhai district. According to legend, spirits once confined a beautiful girl named Kungawrhi in these caves. Her betrothed, Pnathira, bravely fought the spirits and freed her. The cave was named after this girl. Visitors can reach Kungawrhi Puk by hiring a tourist vehicle from Champhai town.",https://mizoramtourism.com/post_images/62b8716385b77_Kungawrhi Puk.jpg,,,
India,Mizoram,Champhai,Tan Tlang,Mountain,"Nature, Adventure, Photography","A legendary peak featuring interesting Mizo folk tales and songs, situated at the junction of three villages: Vaphai, Chawngtui, and Farkawn. Elevation is 6,356 feet above sea level, near Vaphai village.",https://mizoramtourism.com/post_images/62b88571ab650_Tan Tlang1.jpg,https://mizoramtourism.com/post_images/62b88571d7008_Tan Tlang2.jpg,,
India,Mizoram,Champhai,Samthang Zopui Phul,Park,"Nature, Photography, Travel",Samthang Zopui Phul is a tourist destination developed under NEC funding by the Deputy Commissioner of Champhai District. It offers a perfect setting for day excursion and weekend getaway with friends and families.,https://mizoramtourism.com/post_images/62b87285c1860_Zopui Phul Samthang.jpg,,,
India,Mizoram,Champhai,Hlakungpui Mual,Museum,"Heritage, Culture","Mizo Hlakungpui Mual is a monument commemorating great Mizo poets, established in 1986 at Khawbung village's southern edge. The site features monuments erected at 10-year intervals honoring laureate poets and writers. It includes an orchid park and museum preserving the laureates' belongings. The initiative began in 1983 when Khawbung's YMA Executive Committee resolved to commemorate two poets. Aizawl is approximately 265 kilometers away.",https://mizoramtourism.com/post_images/626baee0070da_Hla%20kungpui%20mual.jpg,,,
India,Mizoram,Champhai,Kawtchhuah Ropui,Heritage,"Heritage, History, Photography","In the vicinity of Vangchhia, close to the Myanmar border, about 50 km south of Champhai, there are a large number of menhir stones erected in lines called Kawtchhuah Ropui or 'the great entranceway'. These commemoration stones, numbering 171 in total, feature embossed carvings of human beings and animals. The village was named after the Vangchhia clan, the earliest settlers, and these stones are attributed to them.",https://mizoramtourism.com/post_images/626b9cef76d94_Kawtchhuah Ropui.jpg,https://mizoramtourism.com/post_images/626b9daddd360_Kawtchhuah Ropui 1.jpg,,
India,Mizoram,Champhai,Monoliths - Lost City of Vangchhia,Heritage,"Heritage, History, Photography, Adventure","The lost city of Vangchhia is the largest necropolis site in the world, located in Champhai District near Khawbung Village. It features 171 ancient carved menhir stones that became Mizoram's first protected archaeological site in 2012. The site includes ancient graves and a 200-meter-long water pavilion, offering insights into a lost civilization. Distance from Aizawl is 250 kilometers.",https://mizoramtourism.com/post_images/626ba7a5d3a6e_Vangchhia Monoliths.jpg,https://mizoramtourism.com/post_images/626ba7aeb1365_Vangchhia Monoliths1.jpg,https://mizoramtourism.com/post_images/626ba7b98884c_Vangchhia Monoliths2.jpg,https://mizoramtourism.com/post_images/626ba7c246443_Vangchhia Monoliths3.jpg
India,Mizoram,Champhai,Lungphunlian,Heritage,"Heritage, History, Adventure","Located in Lungphunlian village in Champhai District, about 45 km north of Champhai town, this site features a large monolith measuring 13.5 ft in height, roughly 6.5 ft in breadth, and 2 ft in thickness -- possibly the largest of its kind in Mizoram. Without any engravings or carvings, its origins remain unclear, though it's generally believed to have been erected by nomadic Meitei people, supported by inscriptions on a nearby smaller stone. The site is accessible by local taxis and buses, attracting archaeological enthusiasts and tourists throughout the year.",https://mizoramtourism.com/post_images/62b8815f84b55_Lungphunlian.jpg,,,
India,Mizoram,Champhai,Lungphun Ropui Lianpui,Heritage,"Heritage, History, Photography","Lungphun ropui at Lianpui village in Champhai District, Mizoram is a cluster of megaliths in the eastern part of Mizoram.",https://mizoramtourism.com/post_images/62b8976e07574_Lungphun Ropui Lianpui.jpg,https://mizoramtourism.com/post_images/62b8976e3bcaf_Lungphun Ropui2.jpg,,
India,Mizoram,Kolasib,Serlui B Lake,Lake,"Nature, Photography, Adventure, Fishing","The picturesque Serlui lake is located about an hour drive from Kolasib Town and is a perfect weekend destination. Formed with the construction of the dam of the Serlui Hydel Project, the riverine lake extends upriver and meanders through the valley of River Serlui, spreading out into wide pools at many points in the midst of thick forests and coursing between lush-green hills. The 53 km long inundation of the valley can be seen even from the NH-54. The Department of Tourism has developed an accommodation infrastructure which is expected to be commissioned shortly. Plans are also being drawn for development of water sport facilities and Eco-Tourism center. The Department of Tourism has also developed a Pisciculture center using the dam as its base.",https://mizoramtourism.com/post_images/626bc6afa662b_Serlui B 1.jpg,https://mizoramtourism.com/post_images/626bc6b15c736_Serlui B 2.jpg,https://mizoramtourism.com/post_images/626bc6b329c36_Serlui B Lodge.jpg,
India,Mizoram,Kolasib,Tuilut,Cave,"Adventure, Nature","Located in Kolasib, Bak Puk (also known as Tui Lut) is a cave system featuring a vertical narrow entrance that functions like a sinkhole, collecting rainwater. The tunnel expands into wide caverns with striking rock formations and deep pools that remain largely unexplored. The cave system has no identified outlet, spawning local legends about an underground lake beneath the town. An expedition in January 2016 by the 'Zotrek' group explored the cave to approximately 100 meters depth, revealing exquisite rock structures and multiple chambers.",https://mizoramtourism.com/post_images/62b88497a3252_Tuilut Kolasib1.jpg,https://mizoramtourism.com/post_images/62b88497c9336_Tuilut Kolasib2.jpg,,
India,Mizoram,Kolasib,Pualreng Wildlife Sanctuary,Wildlife,"Wildlife, Nature, Photography","Pualreng Wildlife Sanctuary features fringe villages including N. Hlimen, Thingthelh, Bukpui, Palsang, Zohmun, and N. Khawdungsei. The sanctuary hosts diverse bird species such as great Indian hornbill, wreathed hornbill, pied hornbill, Khaleeej pheasant, Bhutan peacock pheasant, and red jungle fowl. Wildlife includes arboreal animals like Hoolock gibbon, slow lorises, and common langurs, plus terrestrial species such as Himalayan black bears, leopards, sambars, barking deer, binturongs, and Chinese pangolins.",https://mizoramtourism.com/post_images/62b95a4139538_Pualreng WL Sanctuary.jpg,,,
India,Mizoram,Kolasib,Lung Nupa Bualpui,Rock Formation,"Nature, Adventure",Lung nupa in Bualpui at Kolasib District! Be an explorer of unspoiled destination and step outside your comfort zone for unlimited adventure to remote areas and possibly hostile destinations.,https://mizoramtourism.com/post_images/62b95f859237c_Lung Nupa Bualpui.jpg,,,
India,Mizoram,Serchhip,Thenzawl Golf Resort,Resort,"Sports, Photography, Travel","Rated as one of the best all season Golf courses in the North East India, Thenzawl Golf Course & Resort offers Pay & Play facility for all ability levels. It is the first and only golf course funded by the Ministry of Tourism, Government of India. Designed by Graham Cooke and Associates, a top-ranked Canada based Golf Course architectural firm. The 105-acre site features a 75-acre 18-hole golf course with shared fairways and automated sprinkler irrigation. Facilities include 30 Eco-Log Huts, Cafeteria, Open Air Food Court, Reception area and Waiting Lounge, constructed with Siberian Pinewood and world-class furniture. Located in a peaceful setting with breathtaking views, ideal for beginners.",https://mizoramtourism.com/post_images/626b8931596b0_Thenzawl-golf-resort-5.jpg,,,
India,Mizoram,Serchhip,Wellness Centre,Resort,"Wellness, Travel","Located in the outskirt of Thenzawl with eco log huts, spa and massage centre, after a hectic trip at Thenzawl for pampering yourself during the weekend.",https://mizoramtourism.com/post_images/626b8ce19d4df_wellness-spa.jpg,,,
India,Mizoram,Serchhip,Vantawng Falls,Waterfall,"Nature, Photography, Adventure, Hiking","The Vantawng Falls is the highest waterfall in Mizoram state, ranked 13th among India's highest waterfalls. This two-tiered waterfall descends from 229 meters (750 feet) in the Vanva river near Thenzawl. Named after Vantawnga, a legendary swimmer, the falls are situated 30 km from Serchhip and 97.8 km from Aizawl. A viewing tower provides comfortable access despite challenging forested terrain surrounding the location.",https://mizoramtourism.com/post_images/626b8dff68d85_Vantawng-Falls.jpg,,,
India,Mizoram,Serchhip,Tuirihiau,Waterfall,"Nature, Adventure, Hiking, Photography","Tuirihiau Falls is the most spectacular waterfall in Mizoram's fast-flowing rivers, located in Vanva river near Buangpui. Its unique feature includes caves behind the falls, allowing views from behind the cascade.",https://mizoramtourism.com/post_images/626b9040dae55_Tuirihiau2.jpg,,,
India,Mizoram,Serchhip,Dilpui,Farm,"Nature, Travel","Dilpui is a destination managed and maintained by the AH & Veterinary Department. Located 94 km from Aizawl at an altitude of 745 meters, it is situated 5.1 km from the nearest tourist lodge.",https://mizoramtourism.com/post_images/626b9141bccea_Dilpui.jpg,,,
India,Mizoram,Serchhip,Vety Farm,Farm,"Nature, Travel","Vety Farm is managed and maintained by the AH & Veterinary Department. Located at an altitude of 745 meters, it is situated 94 kilometers from Aizawl with the nearest tourist lodge just 5.1 kilometers away.",https://mizoramtourism.com/post_images/626b929197625_Thenzawl-(Dilpui--1).jpg,,,
India,Mizoram,Serchhip,Chawngchilhi Puk,Cave,"Adventure, Legend, Nature","Chawngchilhi Puk is a mesmerizing cave with an enthralling folktale. According to legend, a young woman fell in love with a serpent and met him in secret. When her father discovered this, he killed the serpent and his daughter. The Mizo people have preserved this authentic tale, with their roots enchained in stories reflecting the uniqueness of their culture.",https://mizoramtourism.com/post_images/626b964a50d41_Chawngchilhi-Puk-Buangpui-Serchip-Mizoram.jpg,,,
India,Mizoram,Serchhip,Bengkhuaia Thlan,Heritage,"Heritage, History","Located in Thenzawl, this is the tomb of Mizo Chief Bengkhuaia Sailo who captured an English girl named Mary Winchester.",https://mizoramtourism.com/post_images/62b86c59aa121_Bengkhuaia Thlan.jpg,,,
India,Mizoram,Serchhip,Deer Park,Park,"Nature, Wildlife, Photography","Thenzawl Deer Park is an interesting tourist destination with most famous places located nearby such as Vantawng, Tuirihiau, Golf, Wellness, Vaibiak, Tualvungi Thlan, Bengkhuaia Thlan, Chawngchilhi Puk, Lau River & Falls.",https://mizoramtourism.com/post_images/62b86d034498a_Deer Park.jpg,,,
India,Mizoram,Serchhip,Lungkhawdur,Rock Formation,"Nature, Adventure, Mystery","Lungkhawdur translates as 'Cloudy Stone' and features a large flat stone with elliptical shapes resembling alto cumulus cloud formations. Located near Vanchengpui village in Serchhip district, its origin -- whether natural or man-made -- remains uncertain. Deep grooves at upper and lower ends suggest possible sculptural work, attracting tourists with its intriguing and mysterious rock mass.",https://mizoramtourism.com/post_images/62b95cc580faf_Lungkhawdur.JPG,,,
India,Mizoram,Lawngtlai,Castle of Bawinu/Beino,Rock Formation,"Nature, Adventure, Photography, Wildlife","The Castle of Bawinu/Beino is a lesser-explored geological formation in Mizoram, often called the 'Grand Canyon of Mizoram.' Located along the Kolodyne/Kaladan River, it features spectacular rock structures resembling castle quarters. The formation is accessible February to May; motorboat and local guides are recommended. The crystalline river creates beautiful reflections of the structures, and the area is home to diverse wildlife and birds.",https://mizoramtourism.com/post_images/626bcef048b4e_Beino-Caslte-(1).jpg,,,
India,Mizoram,Lawngtlai,Tialpari Puk Sangau,Cave,"Adventure, Legend, Nature","The cave is located on the southeastern part of Phawngpui mountain. According to legend, Tialpari was a girl in love with warrior Dopawrha. When her parents arranged marriage to a distant chief, she fled to the cave. Villagers found her but provided food and waited for her lover, who eventually came and married her.",https://mizoramtourism.com/post_images/62b89dd98c6c9_Tialpari Puk.jpg,,,
India,Mizoram,Lawngtlai,Phawngpui National Park,Park,"Nature, Wildlife, Hiking, Photography","The highest peak in Mizoram at 2,157 metres, Phawngpui (Blue Mountain) sits near the state's south-eastern border. This 50 sq.km national park features a 10 km ridge with sheer cliffs, including the spectacular Thlazuang Kham. The landscape showcases flowering rhododendrons, orchids, and grassy glades ideal for camping. Wildlife includes gorals, sunbirds, peregrine falcons, barking deer, and hoolock gibbons. Notable bird species are Blyth's Tragopan, Dark Rumped Swift, and Mrs. Hume's Pheasant (state bird). Endangered mammals include slow lorises, tigers, leopards, serows, Asian black bears, and langurs.",https://mizoramtourism.com/post_images/626bd067949f8_2019082194-olw7r0yteykxbdagf11d4hprdt5nf4vp9ub6e3jte2.jpg,https://mizoramtourism.com/post_images/626bd751e6212_Phawngpui 1.jpg,https://mizoramtourism.com/post_images/626bd7527fbe6_Phawngpui 2.jpg,https://mizoramtourism.com/post_images/626bd753d17b7_Phawngpui{Thlazuangkham}.jpg
India,Mizoram,Lawngtlai,Ngengpui Wildlife Sanctuary,Wildlife,"Wildlife, Nature, Hiking, Photography","The sanctuary comprises deciduous and tropical green forests. It is home to elephants, gaurs and other mammals and a great variety of primates. It is also rich in birdlife including peacock pheasant, pigeons and hornbills.",https://mizoramtourism.com/post_images/626bd1a5576c2_FB_IMG_1524136484041.jpg,,,
India,Mizoram,Lawngtlai,Paithar Tlang,Mountain,"Nature, Hiking, Photography","Paithar Tlang is situated in Paithar village within Lawngtlai District, approximately 15km from Lawngtlai town. The location features an altitude of 1302 meters and is positioned 263km from Aizawl, with the nearest tourist lodge approximately 20km away. A 60-minute walking distance provides access to this natural destination.",https://mizoramtourism.com/post_images/626bd2664a3bd_136967685_707627813227828_5633339127127119259_n.jpg,https://mizoramtourism.com/post_images/62b86511a9fa9_Paithar%20Tlang2.jpg,https://mizoramtourism.com/post_images/62b86511c54c8_Paithar%20Tlang3.jpg,
India,Mizoram,Mamit,Khuangchera Puk Ailawng,Cave,"Adventure, Legend, Nature","In Ailawng near Reiek, approximately 30 km west of Aizawl, lies a cave named after Khuangchera, a legendary Mizo warrior from the late nineteenth century. According to local legend, villagers obtained water from a spring flowing from a narrow cave entrance that most feared to enter due to superstition. Debate persisted about whether another cave on the opposite hillside connected to it, as water flowed in without visible outlet elsewhere. Khuangchera courageously explored using a large bamboo torch and emerged from the opposite cave entrance, proving the two mouths connected through an underground passage. He subsequently fell seriously ill, intensifying villagers' fear. Full exploration occurred only in the early 1980s by a local adventure club.",https://mizoramtourism.com/post_images/626cc4990fdfd_Khuangchera Puk.jpg,,,
India,Mizoram,Mamit,Reiek Hills,Mountain,"Nature, Adventure, Hiking, Photography","Reiek Hills is a trekking destination offering natural treasures, caves, rivers, and waterfalls. Located 25.3 km from Aizawl at an altitude of 1208m, the site features adventure activities including cycling and hiking. The nearest tourist lodge is 1.2 km away.",https://mizoramtourism.com/post_images/62b863291e665_Reiek Hills.jpg,,,
India,Mizoram,Mamit,Dampa Wildlife Sanctuary,Wildlife,"Wildlife, Nature, Adventure, Photography","Dampa Tiger Reserve is a 500 sq km tiger reserve in western Mizoram's Lushai Hills at 800-1,100m altitude, declared in 1994 as part of Project Tiger. The tropical forests feature diverse flora and fauna with steep hills, valleys, jungle streams, and natural salt licks. Forest exploration requires walking rather than vehicle access. A tiger was recently spotted after a seven-year absence.",https://mizoramtourism.com/post_images/62b8627c8ce25_Dampa.jpg,,,
India,Mizoram,Mamit,Thawmpawnga Puk,Cave,"Nature, Hiking, Adventure","Thawmpawnga Cave in Ailawng, located just one hour drive from Aizawl. The area offers adventure activities and sightseeing with natural beauty and breathtaking views amidst verdant forest. This cave represents one of many must-visit destinations to experience the breathtaking sight.",https://mizoramtourism.com/post_images/62b8622b8108f_Thawmpawnga Puk1.jpg,https://mizoramtourism.com/post_images/62b8622b98799_Thawmpawnga Puk2.jpg,,
India,Mizoram,Mamit,Leisang Kurung Ailawng,Rock Formation,"Nature, Adventure","Leisang Kurung at Ailawng offers diverse enjoyment opportunities with breathtaking panoramas and incredible sights. This natural wonder features rocky walls and grandiose floors, inviting travelers to immerse themselves in the mystery of this unique geological formation.",https://mizoramtourism.com/post_images/62b861b68ef91_Leisang Kurung.jpg,https://mizoramtourism.com/post_images/62b861b6b50cf_Leisang Kurung2.jpg,,
India,Mizoram,Mamit,Tuisen Falls,Waterfall,"Nature, Adventure, Photography","Tuisen Falls is a stunning waterfall located in Reiek village, described as 'a jaw-dropping beauty and awe-inspiring waterfalls' situated off the beaten path.",https://mizoramtourism.com/post_images/62b940d79947d_Tuisen Falls.jpg,,,
India,Mizoram,Mamit,Tuisen Tlabung Falls,Waterfall,"Nature, Photography","Located in Reiek, Mamit District, Tuisen Tlabung Falls is described as 'a unique God gifted natural treasure with hidden beauty.' Accommodation is available at the nearby Reiek Tourist Resort.",https://mizoramtourism.com/post_images/62b9418b873a4_Tuisen Tlabung Falls.jpg,,,
India,Mizoram,Mamit,Reng Dil,Lake,"Nature, Wildlife, Photography","Reng Dil is a man-made lake in Mamit District, approximately 150 km northwest of Aizawl and about 8 km from Zamuang village. Unlike other natural lakes in the region, this artificial lake offers opportunities for nature enthusiasts and birdwatchers.",https://mizoramtourism.com/post_images/62b969c2e4c4c_Reng Dil.jpg,,,
India,Mizoram,Mamit,Pukzing Puk,Cave,"Adventure, Nature, Legend","Pukzing Puk, literally meaning 'A Cave of Shouting Stone', is located near Pukzing village northwest of Aizawl in Mamit district. The spacious cave features three chambers of approximately 4 square meters each connected by narrow passages. Local folklore suggests villagers historically heard evil spirits shouting within the cave, and legend claims the character Maurawkela hid a magical drum inside. The village has about 113 houses and 537 residents. Pukzing is recognized as one of Mizoram's largest caves and a must-visit destination for explorers.",https://mizoramtourism.com/post_images/62b96ab2d8202_Pukzing%20Puk.jpg,,,
India,Mizoram,Mamit,Reng Puk,Cave,"Adventure, Heritage","Located in Rengdil village in Mamit District, Reng Puk is a destination featuring caving and heritage attractions. It sits at 48 meters altitude, 127 kilometers from Aizawl, with the nearest tourist lodge 45 kilometers away and approximately 3 minutes walking distance to reach the site.",https://mizoramtourism.com/post_images/62b96bc968c08_Rengpuk2.jpg,https://mizoramtourism.com/post_images/62b96bc9a67ae_Reng Puk1.jpg,,
India,Mizoram,Khawzawl,Chawngtlai,Heritage,"Heritage, Nature","The village derives its name from the flower 'Chawngtlai', which is abundant in nature. Inhabitants are developing it into a flower village. It features historical sites, artifacts, and monuments. Lungsen, a distinctive red-colored rock, is believed to tell fortunes.",https://mizoramtourism.com/post_images/62b8a0a55257c_Chawngtlai.jpg,,,
India,Mizoram,Khawzawl,Biate Tea Garden,Farm,"Nature, Photography","Tea Garden in Biate - the cleanest town in Mizoram, a compact hill station on the eastern side of the state. Famous for its tea gardens and exceptional cleanliness standards practiced long before the Swachh Bharat Abhiyan. The community maintains remarkably clean streets with virtually no garbage visible, representing a model village envisioned by Mahatma Gandhi.",https://mizoramtourism.com/post_images/62b86a5e1fb97_Tea Garden Biate.jpg,,,
India,Mizoram,Khawzawl,Keivawm Puk,Cave,"Adventure, Nature","Keivawm Puk is a least visited and least known cave in Mizoram located in Ngaizawl village, Khawzawl District. Its inherent natural landscape features have attracted many to explore this destination.",https://mizoramtourism.com/post_images/62ade42447617_Keivawm Puk.jpg,,,
India,Mizoram,Khawzawl,Lianhela Puk Lamzawl,Cave,"Adventure, Nature","Located in Lamzawl village, Khawzawl District, approximately 9km southeast of Ngopa village and 2.5km south of Lengteng peak. This cave destination offers a natural caving experience.",https://mizoramtourism.com/post_images/62b9675271ccd_Lianhela Puk Lamzawl.jpg,,,
India,Mizoram,Saitual,Tam Dil,Lake,"Nature, Photography, Travel, Legend","Tam Dil, meaning 'lake of mustard,' is located near Saitual village, approximately 110 km from Aizawl. It has been developed as a pisciculture centre and holiday resort. The lake and surrounding forest host diverse tree, plant, and animal species. According to local folklore, a widow's mustard plant was destroyed by her remarried husband, causing water to spring from the ground and fill the valley, creating the lake.",https://mizoramtourism.com/post_images/626cd3ab41ab4_tamdil 1.jpg,https://mizoramtourism.com/post_images/626cd3ad51456_tamdil 2.jpg,https://mizoramtourism.com/post_images/626cd3af8a622_tamdil 222.jpg,
India,Mizoram,Saitual,Tawi Wildlife Sanctuary,Wildlife,"Wildlife, Nature, Adventure","Tawi Wildlife Sanctuary is situated about 101 km from Aizawl, covering approximately 35.75 sq. km at altitudes between 400m-1300m. Established in 1978, it features tropical evergreen and semi-evergreen forests housing rare and endangered species. Flora includes canes, bamboos, Michelia champaca, and other species. Fauna encompasses tigers, leopards, sambars, barking deer, hoolock gibbons, and various bird species. Basic accommodation available at Hualtu Range H.Q.",https://mizoramtourism.com/post_images/62b887924d7af_Tawi WL Sanctuary.jpg,,,
India,Mizoram,Saitual,Lengteng Wildlife Sanctuary,Wildlife,"Wildlife, Nature, Photography, Hiking","Lengteng Wildlife Sanctuary is a protected area in Saitual district in eastern Mizoram, northeast India. It is an alpine forest containing the second highest peak in Mizoram and is specially noted for conservation of rare bird species. Declared a protected area in 1999 and a national wildlife sanctuary on 31 May 2001. Notable birds include dark-rumped swift, grey sibia, Mrs. Hume's pheasant, grey peacock pheasant, Oriental pied hornbill, rufous-bellied eagle, and white-naped yuhina. Blyth's tragopan was reported in a 2011 survey. Animal species include tiger, leopard, sambar deer, barking deer, goral, serow, hoolock gibbon, rhesus macaque, wild boars, and the vulnerable northern pig-tailed macaque.",https://mizoramtourism.com/post_images/62b864058d285_Lengteng Wildlife Sanctuary.jpg,,,
India,Mizoram,Saitual,Rung Dil,Lake,"Nature, Wildlife, Photography","Rungdil Lake is a magnificent twin lake situated 14 km from Suangpuilawn village. It covers an area of 2.5 hectares and is filled with the magic of Nature. Once home to large numbers of partridges, it remains popular with bird watchers and nature lovers. The lake consists of two similar bodies of water separated by a narrow strip of land, believed to have a subterranean connection.",https://mizoramtourism.com/post_images/62b8636c93e8d_Rungdil.jpg,https://mizoramtourism.com/post_images/626bc9531a5fb_3612841355_7346808d87_b.jpg,,
India,Mizoram,Saitual,Tawi Puk,Cave,"Adventure, Nature",Tawi Puk is a cave located in Hmuntha that represents one of Mizoram's magnificent offbeat destinations. The page notes it as a 'bucket list worthy' attraction for those seeking new travel experiences in the region.,https://mizoramtourism.com/post_images/62b86d76dcea9_Tawipuk1.jpg,https://mizoramtourism.com/post_images/62b86d7706453_Tawipuk2.jpg,https://mizoramtourism.com/post_images/62b86d771ecd5_Tawipuk3.jpg,
India,Mizoram,Saitual,Teikhang Kurung,Rock Formation,"Nature, Adventure","Teikhang Kurung is located near Teikhang Village in Saitual District, approximately 8 hours' drive from Aizawl City. The site features magnificent wonder of nature and its rocky walls with spectacular geological formations that connect visitors with the natural world. The location stands at an altitude of 1,531 meters, roughly 223 kilometers from Aizawl, with the nearest tourist lodge 43 kilometers away and a 24-minute walking distance to reach it.",https://mizoramtourism.com/post_images/62b965b35b950_Teikhang%20Kurung.jpg,,,
India,Mizoram,Saitual,Lung Milem Suangpuilawn,Heritage,"Heritage, History, Mystery",At Suangpuilawn village in Aizawl district there is a stone with inscriptions which have not been deciphered as yet. The stone slab of the size of 1m length and 1m width is placed by the side of the stream.,https://mizoramtourism.com/post_images/62b966ba099f8_Lung Milem Suangpuilawn.jpg,,,
India,Mizoram,Saitual,Hriangmual,Mountain,"Hiking, Adventure, Wildlife, Heritage","Hriangmual is a majestic peak in eastern Mizoram's Saitual District, approximately 180 km from Aizawl. Named after an evergreen 'Hriang' tree, it stands near Phuaibuang Village at 1,812 meters altitude. The largely unexplored destination features evergreen forests hosting wildlife including stag, deer, wild boar, and monkeys. Talan River flows through the forest, and Fangfar Puk cave contains stalagmites with water believed to have healing properties. Monolithic remains from the Thado and Ngendal tribes (late 1800s) dot the area, including six preserved stone tables. INTACH Mizoram Chapter conducts ongoing historical research. Optimal visiting period: November-March.",https://mizoramtourism.com/post_images/699425dbe34ab_WhatsApp Image 2026-02-17 at 1.52.24 PM.jpeg,,,
India,Mizoram,Hnahthial,Darzo,Mountain,"Nature, Adventure, Camping, Fishing","Pitch tents out in the wild and party your way at Darzo Tlang, Hnahthial District that will let you unwind and indulge in the goodness of being amidst nature and partying under the star studded skies far away from cityscapes. Located in Darzo in Hnahthial District. Tourists can also experience community fishing and angling in the village.",https://mizoramtourism.com/post_images/62b89866a6123_Darzo Tlang1.jpg,https://mizoramtourism.com/post_images/62b8986743eed_Darzo Tlang2.jpg,,
India,Mizoram,Hnahthial,South Vanlaiphai,Village,"Nature, Travel",A serene village in Hnahthial District that offers family picnic on weekend getaway.,https://mizoramtourism.com/post_images/62b899283e9bb_South VLP TL.jpg,,,